cluster_id,cluster_name,description_index,synthetic_description
0,Exposed Raw Materiality,1,"A monolithic concrete shell, punctuated by large raw timber panels, houses a brutalist gallery. Its exposed ribbed concrete ceilings reveal the structural slab, contrasting with polished concrete floors. Natural light floods through deeply recessed openings, illuminating the raw material textures and emphasizing the building’s heavy, grounded presence. The internal spaces flow openly, defined by the robust material palette and a visible structural framework, creating an austere yet tactile environment where the honesty of construction is paramount."
0,Exposed Raw Materiality,2,"This brutalist dwelling showcases an interplay of rough-hewn concrete and warm, unfinished wood. Massive exposed concrete walls form the primary structure, with large timber beams supporting cantilevered sections. Interior spaces feature raw concrete ceilings and floors, complemented by extensive natural wood joinery. The design emphasizes natural light, filtering it through deep-set openings that frame views of the surrounding landscape, highlighting the building's inherent connection to its site through an honest material expression and a robust structural language."
0,Exposed Raw Materiality,3,"A civic brutalist structure stands as a testament to material honesty, combining board-formed concrete and untreated cedar. The building’s robust frame is overtly expressed, with thick concrete columns supporting expansive concrete slabs. Within, exposed structural elements create rhythmic patterns, while natural wood accents provide a tactile warmth against the cool concrete. Spacious interiors are organized by these primary materials, allowing natural light to articulate their raw textures, fostering a monumental yet subtly inviting atmosphere that celebrates the building's tectonic clarity."
0,Exposed Raw Materiality,4,"The building’s facade presents a bold composition of exposed aggregate concrete panels and large, untreated timber screens. Structural integrity is clearly articulated through a visible grid of concrete columns and beams, shaping the building's brutalist silhouette. Inside, raw concrete walls and ceilings are softened by strategically placed wood panels and furniture, creating a balanced material dialogue. Natural light penetrates deep into the core, revealing the intrinsic qualities of each material and enhancing the overall tectonic expression of the design through stark contrasts."
0,Exposed Raw Materiality,5,"A pavilion designed with a strict material palette of raw concrete and salvaged timber demonstrates brutalist principles. Its structure, a series of exposed concrete frames, supports a heavy concrete roof slab, allowing for large open spans. The interior features untreated wood flooring and wall panels, offering a counterpoint to the rough concrete surfaces. Daylight enters through high clerestory windows, casting dramatic shadows that accentuate the material honesty and the building's powerful, unadorned aesthetic, making structure integral to spatial experience."
1,Urban Play Habitats,1,"This colossal concrete housing complex, an unyielding brutalist monolith, rises from the dense urban fabric, its facade a tapestry of board-formed concrete. Recessed balconies punctuate the repetitive grid, offering glimpses into individual dwellings. Integrated into its lower levels and expansive podium are a series of raw concrete playgrounds, featuring geometric slides and climbable structures. Wide, exposed aggregate walkways connect various activity zones, bathed in the sharp, contrasting shadows cast by the deep cantilevers above."
1,Urban Play Habitats,2,"A brutalist campus building, constructed from heavily textured, exposed concrete, defines a central plaza for urban children. Its formidable, layered volumes house educational and residential functions. The ground plane is animated by a network of interlocking concrete steps, ramps, and platforms, forming an inherent play landscape. Overhanging upper blocks provide essential shade, while sturdy concrete benches and planter boxes delineate informal gathering points. The structure communicates an enduring resilience against the city's relentless pace."
1,Urban Play Habitats,3,"Towering residential blocks in Hong Kong's dense urban core showcase a pragmatic brutalism, their facades of rough, exposed concrete asserting a stoic presence. Each block features staggered, communal terraces at various heights, accessed by wide, precast concrete staircases. These terraces are designed as integrated playgrounds, complete with concrete tunnels, climbing walls, and sandpits, protected by robust concrete parapets. The interplay of light and shadow defines the structure's imposing geometry throughout the day."
1,Urban Play Habitats,4,"A multi-story brutalist housing project prioritizes family life, embedding play areas directly within its formidable mass. The exterior reveals a powerful composition of untreated concrete slabs and deeply recessed openings. A series of interconnected, concrete-clad volumes create a labyrinthine playground at the ground and mezzanine levels, featuring integrated slides, bridges, and sheltered alcoves. Robust, exposed ventilation shafts and utility pipes articulate the building's industrial aesthetic."
1,Urban Play Habitats,5,"In a high-density urban district, a brutalist masterplan defines a series of interconnected residential towers, unified by a monumental concrete plinth. This plinth serves as an elevated urban park and playground, its surface articulated with varying levels, ramps, and precast concrete play equipment. Broad, exposed aggregate walkways lead residents through a landscape of angular planters and shaded seating areas. The raw materiality of the concrete imbues the entire complex with a sense of enduring public infrastructure."
2,Art Gallery Pavilions,1,"A monolithic concrete pavilion stands, its raw surfaces articulating a series of enclosed and open galleries. The weighty structure, clad in large, aggregate-rich panels, frames strategic views, drawing the urban context into the art experience. Massive, mushroom-capped columns punctuate the central exhibition space, supporting a deep coffered roof that filters natural light, creating dramatic shadows and highlighting the robust materiality."
2,Art Gallery Pavilions,2,"The brutalist structure, an art museum extension, presents a formidable facade of heavily textured concrete panels, interspersed with deep, shadowed apertures. Its multi-level galleries unfold around a central void, offering glimpses between floors. A monumental, exposed foundation elevates the main exhibition platform, creating a sheltered public realm beneath. The internal experience is one of contained power, a robust vessel for delicate art."
2,Art Gallery Pavilions,3,"Conceived as a temporary art pavilion, this structure utilizes a stark brutalist palette of precast concrete and steel. Its angular forms create a series of interconnected galleries, each distinct yet unified by the pervasive material language. The 'mushroom' columns, massive and unadorned, pierce through the floor plates, extending skyward to support an intricate roof lattice. Light penetrates through strategically placed, narrow openings, casting sharp lines across the raw concrete walls."
2,Art Gallery Pavilions,4,"A new public gallery emerges from a sculpted concrete plinth, its form reminiscent of a vast, upturned mushroom cap. The entire structure is clad in large, deeply textured concrete panels, revealing the aggregates within. The main exhibition space is a grand, column-free volume, its perimeter defined by thick, load-bearing walls that also house service conduits. Narrow, horizontal openings offer focused views, controlling the intrusion of the external world into the art sanctuary."
2,Art Gallery Pavilions,5,"This experimental brutalist pavilion serves as a raw stage for ephemeral art. Its primary structure, a series of colossal concrete frames, defines a sequence of outdoor and semi-enclosed galleries. Rough-sawn timber impressions are visible on the cast concrete surfaces, a testament to its construction. A grand 'opening' in the roof, surrounded by thick concrete upstands, allows direct engagement with the sky, forming a natural light well for the installations below."
3,Civic Exhibition Hubs,1,"A monolithic brutalist museum building stands sentinel over a wide urban plaza. Its facade, a tapestry of board-formed concrete, features deeply recessed window bands that cast long, dramatic shadows. Internal light wells pierce through the heavy roof, illuminating vast, column-free exhibition halls designed for large-scale installations. A grand, exposed concrete staircase dominates the central atrium, guiding visitors through a sequence of stark yet impressive galleries."
3,Civic Exhibition Hubs,2,"Designed as an international pavilion for a major biennale, this structure is a series of interlocking, raw concrete blocks. Each block provides a self-contained exhibition space, connected by elevated walkways and a central, open-air courtyard. The building's robust presence asserts itself against the cityscape, its honest materials and severe geometry creating a deliberate contrast. Public access is direct, leading into a series of stark, functional display environments."
3,Civic Exhibition Hubs,3,"Evoking the post-earthquake reconstruction of Skopje, this civic complex comprises several towering brutalist volumes arranged around a vast, paved square. The buildings feature heavily textured, exposed concrete, with precast panels creating a strong rhythmic pattern. Public administration and cultural exhibition spaces coexist, linked by covered walkways and bridges. The scale is overwhelming, asserting institutional authority through sheer, unadorned mass."
3,Civic Exhibition Hubs,4,"A brutalist cultural institute presents an impenetrable street-facing facade of heavy, bush-hammered concrete. Within its formidable perimeter lies a serene, central courtyard, accessible through a single monumental archway. The interior spaces – lecture halls, galleries, and a library – are arranged around this void, each opening onto it with minimal, precisely cut apertures. The brutal exterior gives way to a controlled, introspective world of light and shadow."
3,Civic Exhibition Hubs,5,"This street-level exhibition gallery commands attention with its massive, cantilevered concrete entrance canopy. The building's primary volume is a single, uninterrupted concrete shell, its exterior marked by the imperfections of the pouring process. Inside, a dramatic triple-height space is lit by high clerestory windows, bouncing diffused light off the raw concrete walls. The functional aesthetic prioritizes the displayed art, offering a severe yet honest backdrop."
4,Brutalist Legacy and Future,1,"The Civic Hall stands as a colossal concrete edifice, its raw surfaces articulating a bold, unyielding presence. Massive cantilevered sections create shadowed voids, hinting at the brutalist interplay of light and mass. Inside, a grand, multi-storey atrium rises, clad in exposed aggregate panels, creating a sense of powerful, almost oppressive, monumentality. Its future, like many structures of its era, remains debated amidst calls for preservation and modern adaptation."
4,Brutalist Legacy and Future,2,"A university arts centre exemplifies brutalist principles with its interlocking concrete volumes, forming a fortress-like yet permeable structure. Pre-cast concrete panels, with their distinctive board-marked texture, define its external facade. Complex internal walkways connect studios and exhibition spaces, culminating in a vast, top-lit central hall. The deliberate display of structural elements speaks to a functional aesthetic, stark and uncompromising in its architectural statement."
4,Brutalist Legacy and Future,3,"This former government complex, an exemplar of 1970s brutalism, looms over the city with its dark, weathered concrete and repetitive window patterns. Debate rages over its dilapidated state and immense footprint. Its robust, almost bunker-like construction, with thick concrete walls and minimal fenestration, was once celebrated for its uncompromising honesty. Now, the structure faces potential demolition, a stark reminder of changing architectural values and urban renewal priorities."
4,Brutalist Legacy and Future,4,"The Barbican-inspired housing estate presents a tiered concrete landscape, a village within a city. Interconnected blocks rise, exposing their services and structural integrity with brutalist directness. Balconies are deeply recessed, creating a play of shadow and solid. Pedestrian walkways crisscross at multiple levels, leading to communal gardens carved into the concrete mass. Its complex geometry offers sheltered public spaces, reflecting a utopian vision now cherished as heritage."
4,Brutalist Legacy and Future,5,"Dominating the waterfront, the brutalist Centre for Maritime Studies is a formidable structure of colossal concrete fins and massive planar surfaces. Its aggressive, angular forms project strength and permanence against the elements. A central tower, punctuated by deep-set windows, rises from a sprawling base containing laboratories and lecture halls. The exposed concrete, left untreated, exhibits a brutal honesty, its texture telling a story of construction and resilience, a monument resisting the forces of change."
